{"cameraMode":{"drawMode":0,"name":"Shaded","section":"Shading Mode"},"sceneLighting":false,"audioPlay":false,"sceneViewState":{"m_AlwaysRefresh":false,"showFog":true,"showSkybox":false,"showFlares":true,"showImageEffects":true,"showParticleSystems":true,"showVisualEffectGraphs":true,"m_FxEnabled":true},"in2DMode":false,"pivot":{"x":-2.2415785789489748,"y":2.862450122833252,"z":0.38238048553466799},"rotation":{"x":0.051986876875162128,"y":-0.054297272115945819,"z":0.0028384802863001825,"w":0.9971624612808228},"size":6.713593482971191,"orthographic":false}