{"cameraMode":{"drawMode":0,"name":"Shaded","section":"Shading Mode"},"sceneLighting":true,"audioPlay":false,"sceneViewState":{"m_AlwaysRefresh":false,"showFog":true,"showSkybox":true,"showFlares":true,"showImageEffects":true,"showParticleSystems":true,"showVisualEffectGraphs":true,"m_FxEnabled":true},"in2DMode":false,"pivot":{"x":-0.8563048243522644,"y":1.1977490186691285,"z":0.2898106575012207},"rotation":{"x":0.0027812139596790077,"y":0.7480272650718689,"z":0.003134040394797921,"w":-0.6636517643928528},"size":0.24494902789592744,"orthographic":false}